[
    {
        "host": "msfwifi.3g.qq.com",
        "port": 8080
    },
    {
        "host": "120.204.207.144",
        "port": 8080
    },
    {
        "host": "120.232.67.156",
        "port": 8080
    },
    {
        "host": "36.155.213.147",
        "port": 8080
    },
    {
        "host": "39.156.125.97",
        "port": 80
    },
    {
        "host": "120.232.27.24",
        "port": 14000
    },
    {
        "host": "39.156.126.247",
        "port": 443
    },
    {
        "host": "39.156.125.20",
        "port": 14000
    },
    {
        "host": "111.30.187.249",
        "port": 443
    },
    {
        "host": "36.155.245.243",
        "port": 80
    }
]